TDSFU Daily run: Sat Oct 25 08:21:51 UTC 2025 TDSFU
TDSFU Daily run: Sun Oct 26 04:31:44 UTC 2025 TDSFU
TDSFU Daily run: Mon Oct 27 04:39:07 UTC 2025 TDSFU
TDSFU Daily run: Tue Oct 28 04:33:58 UTC 2025 TDSFU
TDSFU Daily run: Wed Oct 29 04:37:31 UTC 2025 TDSFU
TDSFU Daily run: Thu Oct 30 04:33:31 UTC 2025 TDSFU
TDSFU Daily run: Fri Oct 31 04:35:01 UTC 2025 TDSFU
TDSFU Daily run: Sat Nov  1 04:31:08 UTC 2025 TDSFU
TDSFU Daily run: Sun Nov  2 04:33:31 UTC 2025 TDSFU
TDSFU Daily run: Mon Nov  3 04:38:13 UTC 2025 TDSFU
TDSFU Daily run: Tue Nov  4 04:33:38 UTC 2025 TDSFU
TDSFU Daily run: Wed Nov  5 04:34:21 UTC 2025 TDSFU
